requirement_id,target_module,business_impact,failure_probability,complexity,failure_impact,risk_score,risk_level,priority,risk_reason
REQ-001,Product Management,2,1,1,1,2,Low,Low,business_impact medium: retrieving product details supports catalog browsing and pricing visibility but involves no transactional processing; failure_probability low: a straightforward data retrieval query with minimal input parameters rarely introduces undetected defects; complexity low: the operation simply maps database records to response fields without conditional logic or state changes; failure_impact low: an outage here degrades user experience and discovery without causing financial loss or data corruption
REQ-002,Product Management,2,1,1,1,2,Low,Low,business_impact medium: retrieving product details supports core catalog operations but remains a non-transactional read operation; failure_probability low: the endpoint performs a straightforward database lookup with minimal input validation or state changes; complexity low: requires only a single identifier parameter with linear retrieval logic; failure_impact low: a failure merely hides product information without causing data corruption or financial loss
REQ-003,Product Management,2,2,2,2,6,Medium,Medium,"business_impact medium: product creation is essential for catalog management but does not directly handle financial transactions; failure_probability medium: input validation and database write operations create a typical defect-hiding zone; complexity medium: requires handling multiple fields, validation rules, and state transitions without excessive branching; failure_impact medium: silent failures or corrupted records degrade catalog accuracy and downstream sales processes"
REQ-004,Product Management,3,2,1,3,7,Medium,Medium,business_impact high: core data edits maintain critical catalog accuracy and pricing essential for sales operations; failure_probability medium: state mutation requires input validation and handles potential concurrency conflicts; complexity low: straightforward single-record modification without intricate branching or external integrations; failure_impact high: corrupted or incorrect product data directly misleads customers and disrupts downstream transactions
REQ-005,Product Management,3,2,1,3,7,Medium,Medium,"business_impact high: product removal is a core administrative function that directly affects catalog integrity and sales availability; failure_probability medium: destructive operations often hide defects in dependency checks, permission guards, and race conditions; complexity low: the operation typically accepts a single identifier and executes a straightforward database removal; failure_impact high: accidental or incorrect deletion causes immediate loss of sellable inventory and requires complex recovery procedures"
REQ-006,Order Processing,3,2,2,3,8,High,High,"business_impact high: order acceptance is a core revenue-generating transaction that directly drives business operations; failure_probability medium: stateful database writes and uniqueness constraints create moderate opportunities for race conditions or silent failures; complexity medium: requires input validation, sequence generation, and atomic persistence without excessive branching logic; failure_impact high: duplicate IDs or failed acceptance cause lost sales, inventory desynchronization, and customer trust erosion"
REQ-007,Order Processing,3,3,2,3,9,High,High,"business_impact high: order processing is core to revenue and fulfillment, making accurate execution essential to the business; failure_probability high: input-validation guards are precisely where edge-case defects hide, increasing the likelihood of undetected logic flaws; complexity medium: requires evaluating multiple field constraints and conditional branches without deeply nested state or external dependencies; failure_impact high: bypassing validation allows invalid orders through, risking financial loss, inventory corruption, and customer disputes"
REQ-008,Order Processing,3,2,2,3,8,High,High,"business_impact high: core transactional workflow essential for revenue capture and order fulfillment; failure_probability medium: validation guards evaluate multiple input fields and business rules where defects frequently emerge; complexity medium: requires cross-checking formats, availability, pricing logic, and potential external service responses; failure_impact high: silent acceptance of invalid data or false rejections causes financial loss, inventory drift, and customer churn"
REQ-009,Order Processing,3,3,2,3,9,High,High,"business_impact high: order processing is a core revenue-generating workflow where accurate stock enforcement is essential to business operations; failure_probability high: stateful stock validation under concurrent requests is prone to race conditions and edge cases where defects commonly hide; complexity medium: requires querying real-time inventory, evaluating thresholds, and routing specific error responses without deep branching logic; failure_impact high: allowing oversells causes lost revenue, customer dissatisfaction, and inventory data corruption which are severe operational failures"
REQ-010,Order Processing,3,2,2,3,8,High,High,"business_impact high: stock reduction is a core transactional operation directly tied to revenue fulfillment and inventory accuracy; failure_probability medium: concurrent updates and network timeouts create race conditions where defects may evade basic testing; complexity medium: requires precise arithmetic, atomic database transactions, and proper error handling for partial failures; failure_impact high: incorrect stock levels cause overselling, inventory drift, and direct financial/customer trust losses"
REQ-011,Order Processing,2,1,1,1,2,Low,Low,business_impact medium: retrieving order details supports customer service and tracking but does not alter state or trigger financial transactions; failure_probability low: a straightforward parameterized query for a single record rarely introduces undetected defects; complexity low: requires only parsing an order identifier and executing a direct database lookup without branching logic; failure_impact low: incorrect display of order metadata causes minor user confusion without data corruption or financial loss
REQ-012,Order Processing,3,2,2,3,8,High,High,"business_impact high: order processing is a core revenue-critical workflow essential to fulfilling customer purchases; failure_probability medium: state transitions and database updates introduce moderate defect risk, particularly around concurrency and idempotency; complexity medium: requires coordinating persistent state changes, validation checks, and reliable response generation without excessive branching; failure_impact high: incorrect status updates or failed confirmations directly cause lost sales, inventory desynchronization, and customer trust erosion"
